Ship Mode,Sales,Profit,Discount,Order Count,Shipping Days,Profit Margin,Profit Per Order
First Class,351375.51,48941.45,0.1831295188556567,787,2.182704811443433,0.13928531900245408,62.187357052096566
Same Day,128285.92,15850.43,0.22873443830570905,264,0.04419889502762431,0.12355549229408809,60.039507575757575
Second Class,459176.43,57438.73,0.14264616966580976,964,3.2380462724935732,0.12509076304286787,59.58374481327801
Standard Class,1357852.67,163893.96,0.1926333780160858,2994,5.006534852546917,0.12070084157215671,54.74080160320641
